{
  "config": {
    "iterations": 100,
    "warmup": 10,
    "downsample": 2,
    "device": "mps",
    "cap": 1024,
    "precision": "BF16",
    "resolution": "516x344",
    "num_cameras": 179,
    "final_gaussians": 165751
  },
  "wall_clock": {
    "avg_iter_ms": 107.72476802218686,
    "std_iter_ms": 9.146100986073371,
    "iter_times": [
      267.02045800266205,
      135.0159169996914,
      133.4244999998191,
      107.23637500268524,
      133.53016700057196,
      116.20470900015789,
      122.75716600197484,
      112.26545799945598,
      104.32554200087907,
      107.2900840008515,
      106.21687499951804,
      104.36025000308291,
      104.61816700262716,
      103.10025000217138,
      103.39608399954159,
      120.1554160033993,
      118.39804099872708,
      102.13766599918017,
      104.68604099878576,
      103.7547909982095,
      112.30262499884702,
      125.93754199770046,
      111.39729199931026,
      113.21770799986552,
      111.45116700208746,
      107.54008300136775,
      104.72074999779579,
      107.27391699765576,
      102.57662499861908,
      103.62304099908215,
      104.63858299772255,
      107.17308400126058,
      104.9096249989816,
      106.33595900071668,
      105.10895799961872,
      101.62395800216473,
      105.5804999996326,
      103.43900000225403,
      105.67716700097662,
      103.77158299888833,
      123.96033400000306,
      111.93391699998756,
      104.72787500111735,
      102.5545839984261,
      105.42666599940276,
      109.46783299732488,
      103.9312080029049,
      105.3557080012979,
      99.82637500070268,
      104.50037500049802,
      100.23229099897435,
      102.06833299889695,
      105.80408299938426,
      103.38933299863129,
      108.01808399992296,
      103.77316599988262,
      104.56883300139452,
      102.04841599988868,
      106.67008299787994,
      111.45433300043806,
      122.50924999898416,
      121.90349999946193,
      105.01658399880398,
      104.34762500153738,
      105.26670900071622,
      103.98429199995007,
      99.02129200054333,
      107.83099999753176,
      102.93325000020559,
      103.97916700094356,
      103.39112500150804,
      104.67137500017998,
      103.84712499944726,
      103.886542001419,
      108.3156249987951,
      106.84216599838692,
      104.31333299857215,
      104.9163329989824,
      105.7755410001846,
      105.15279199898941,
      111.46820800058777,
      132.53262499711127,
      104.78295900247758,
      105.62087499783956,
      104.97079200285953,
      105.96129099940299,
      101.82058400096139,
      107.39129099965794,
      107.67270799988182,
      104.48624999844469,
      106.62858299838263,
      97.02808400106733,
      106.28179199920851,
      104.88508300113608,
      95.85087500090594,
      131.43837500319933,
      168.52320900216,
      115.4302920003829,
      111.45654199935962,
      104.25949999989825
    ]
  },
  "summary": {
    "forward": {
      "numpy_convert": {
        "mean_ms": 17.643215310979738,
        "std_ms": 1.8575738093349092,
        "min_ms": 16.40679100091802,
        "max_ms": 33.82545900240075,
        "median_ms": 17.281562999414746
      },
      "sh_forward": {
        "mean_ms": 4.722838888968302,
        "std_ms": 0.6559916433525268,
        "min_ms": 4.293292000511428,
        "max_ms": 10.5776659984258,
        "median_ms": 4.63579100141942
      },
      "preprocess": {
        "mean_ms": 0.8627824074074074,
        "std_ms": 0.2332050241443775,
        "min_ms": 0.6132083333333334,
        "max_ms": 1.3757083333333333,
        "median_ms": 0.707875
      },
      "depth_sort": {
        "mean_ms": 0.852049074074074,
        "std_ms": 0.18416547977849676,
        "min_ms": 0.6929583333333333,
        "max_ms": 1.7066666666666668,
        "median_ms": 0.7886249999999999
      },
      "tile_binning": {
        "mean_ms": 1.5156472222222224,
        "std_ms": 0.23479201914265832,
        "min_ms": 1.1835,
        "max_ms": 2.4989166666666667,
        "median_ms": 1.4562916666666665
      },
      "rasterize": {
        "mean_ms": 3.5982074074074077,
        "std_ms": 1.03938000453458,
        "min_ms": 0.6757916666666667,
        "max_ms": 6.476166666666667,
        "median_ms": 3.2994166666666667
      },
      "torch_convert": {
        "mean_ms": 10.946550899704258,
        "std_ms": 1.6415324093852948,
        "min_ms": 7.6654579970636405,
        "max_ms": 20.491416998993373,
        "median_ms": 10.414666501674219
      }
    },
    "backward": {
      "numpy_convert_bw": {
        "mean_ms": 0.5677888888991826,
        "std_ms": 0.17446917989618882,
        "min_ms": 0.38412499998230487,
        "max_ms": 1.3128749997122213,
        "median_ms": 0.5192084990994772
      },
      "rasterize_bw": {
        "mean_ms": 7.911400925925926,
        "std_ms": 2.2584326501888334,
        "min_ms": 1.0499166666666668,
        "max_ms": 14.15,
        "median_ms": 7.4736875000000005
      },
      "preprocess_bw": {
        "mean_ms": 0.7336421296296297,
        "std_ms": 0.16523540865597006,
        "min_ms": 0.65575,
        "max_ms": 2.221375,
        "median_ms": 0.6964791666666668
      },
      "sh_bw": {
        "mean_ms": 1.927786111111111,
        "std_ms": 0.3373761290285246,
        "min_ms": 1.7788333333333333,
        "max_ms": 4.881416666666667,
        "median_ms": 1.8615416666666667
      },
      "torch_convert_bw": {
        "mean_ms": 6.167433866519584,
        "std_ms": 0.6764952252708251,
        "min_ms": 5.096832999697654,
        "max_ms": 8.314375001646113,
        "median_ms": 6.242896000912879
      }
    }
  },